DROP TABLE if exists facultad CASCADE;

CREATE  TABLE facultad (
   id VARCHAR(10) not null primary key, 
   nombre  VARCHAR(100)   
);

INSERT INTO facultad VALUES ('cie', 'Ciencias Naturales');
INSERT INTO facultad VALUES ('soc', 'Ciencias Sociales');
INSERT INTO facultad VALUES ('ing', 'Ingeniería');
INSERT INTO facultad VALUES ('sal', 'Salud');


drop table if exists plan CASCADE; 
CREATE  TABLE PLAN (
   plan_id INTEGER not null primary key, 
   nombre  VARCHAR(100),
   facultad_id VARCHAR(3),
    FOREIGN KEY (facultad_id) references facultad (id)   
);


INSERT  INTO PLAN (plan_id, nombre, facultad_id) VALUES (1, 'Ing. de sistemas','ing');
INSERT  INTO PLAN (plan_id, nombre, facultad_id) VALUES (2, 'Ing. Industrial', 'ing');
INSERT  INTO PLAN (plan_id, nombre, facultad_id) VALUES (3, 'Medicina', 'sal');
INSERT  INTO PLAN (plan_id, nombre, facultad_id) VALUES (4, 'Economía', 'soc');
INSERT  INTO PLAN (plan_id, nombre, facultad_id) VALUES (5, 'Matemáticas', 'cie');
INSERT  INTO PLAN (plan_id, nombre, facultad_id) VALUES (6, 'Ing. Electrónica', 'ing');
INSERT  INTO PLAN (plan_id, nombre, facultad_id) VALUES (7, 'Ing. Mecánica', 'ing');




DROP TABLE if exists ASIGNATURA CASCADE;
CREATE TABLE  ASIGNATURA 
(	COD_A VARCHAR(10) PRIMARY KEY, 
	plan_id INTEGER,
	NOM_ASIG  VARCHAR(100), 
	CREDITOS integer NOT NULL , 
	FOREIGN KEY (plan_id) REFERENCES plan (plan_id)  
);

INSERT INTO ASIGNATURA ( COD_A, NOM_ASIG, CREDITOS, plan_id) VALUES ('750023','IPOO', 4,1 );
INSERT INTO ASIGNATURA( COD_A, NOM_ASIG, CREDITOS,  plan_id) VALUES ('750022', 'BDI',4,1 );
INSERT INTO ASIGNATURA( COD_A, NOM_ASIG, CREDITOS, plan_id) VALUES ('750777', 'MD', 4, 1);
INSERT INTO ASIGNATURA( COD_A, NOM_ASIG, CREDITOS, plan_id) VALUES ('750655', 'Taller BD',3, 1);

INSERT INTO ASIGNATURA ( COD_A, NOM_ASIG, CREDITOS, plan_id) VALUES ('750025','Finanzas', 4, 2 );
INSERT INTO ASIGNATURA( COD_A, NOM_ASIG, CREDITOS, plan_id) VALUES ('750027', 'Planeación"',4, 2 );
INSERT INTO ASIGNATURA( COD_A, NOM_ASIG, CREDITOS, plan_id) VALUES ('750734', 'Anatomía', 4, 3);
INSERT INTO ASIGNATURA( COD_A, NOM_ASIG, CREDITOS, plan_id) VALUES ('750675', 'Salud Ocupacional',3, 3);

INSERT INTO ASIGNATURA ( COD_A, NOM_ASIG, CREDITOS, plan_id) VALUES ('120025','Macroeconomía', 4, 2 );
INSERT INTO ASIGNATURA( COD_A, NOM_ASIG, CREDITOS, plan_id) VALUES ('120027', 'Microeconomía"',4, 2 );
INSERT INTO ASIGNATURA( COD_A, NOM_ASIG, CREDITOS, plan_id) VALUES ('700734', 'Calculo 1', 4, 3);
INSERT INTO ASIGNATURA( COD_A, NOM_ASIG, CREDITOS, plan_id) VALUES ('700575', 'Algebra',3, 3);

INSERT INTO ASIGNATURA ( COD_A, NOM_ASIG, CREDITOS, plan_id) VALUES ('140000','Circuitos', 4, 2 );
INSERT INTO ASIGNATURA( COD_A, NOM_ASIG, CREDITOS, plan_id) VALUES ('140001', 'Redes', 4, 3);
INSERT INTO ASIGNATURA( COD_A, NOM_ASIG, CREDITOS, plan_id) VALUES ('140002', 'Mec. de Fluidos', 4, 3);
INSERT INTO ASIGNATURA( COD_A, NOM_ASIG, CREDITOS, plan_id) VALUES ('140003', 'Termo',3, 3);
INSERT INTO ASIGNATURA( COD_A, NOM_ASIG, CREDITOS, plan_id) VALUES ('7799557', 'Terapia para Ingenieros',3, 3);


--------------------------
DROP TABLE if exists PROFE CASCADE;
CREATE TABLE  PROFE
(	COD_P VARCHAR(10) PRIMARY KEY, 
	NOM_PROF VARCHAR(100) NOT NULL, 
	CODCAT VARCHAR(1) NOT NULL , 
	cod_facultad VARCHAR(100),         
	SUELDO float, 
	FOREIGN KEY (cod_facultad) REFERENCES facultad (id)
);

INSERT INTO PROFE ( COD_P, NOM_PROF, CODCAT,  SUELDO, cod_facultad) VALUES ('2345', 'Jose Rey', '2',  2500, 'cie');
INSERT INTO PROFE ( COD_P, NOM_PROF, CODCAT,  SUELDO, cod_facultad) VALUES ('2234', 'Maria Solarte', '3',  2350, 'soc');
INSERT INTO PROFE ( COD_P, NOM_PROF, CODCAT,  SUELDO, cod_facultad) VALUES ('2367', 'Julio Gomez', '1',  1500,  'ing');
INSERT INTO PROFE ( COD_P, NOM_PROF, CODCAT,  SUELDO, cod_facultad) VALUES ('3456', 'Rita Perez', '3',  1000, 'ing');
INSERT INTO PROFE ( COD_P, NOM_PROF, CODCAT,  SUELDO, cod_facultad) VALUES ('7799', 'Juan Florez', '2',  1200, 'sal');

INSERT INTO PROFE ( COD_P, NOM_PROF, CODCAT,  SUELDO, cod_facultad) VALUES ('2347', 'David Luis', '4',  1123, 'cie');
INSERT INTO PROFE ( COD_P, NOM_PROF, CODCAT,  SUELDO, cod_facultad) VALUES ('2239', 'Alfredo Dix', '3',  3000, 'sal');
INSERT INTO PROFE ( COD_P, NOM_PROF, CODCAT,  SUELDO, cod_facultad) VALUES ('2321', 'Adolfo Ceballos',  '7', 750,  'ing');
INSERT INTO PROFE ( COD_P, NOM_PROF, CODCAT,  SUELDO, cod_facultad) VALUES ('3472', 'Adriana Cruz Perez', '3',  1400, 'ing');
INSERT INTO PROFE ( COD_P, NOM_PROF, CODCAT,  SUELDO, cod_facultad) VALUES ('7700', 'Juan Parra', '4',  1000, 'sal');

INSERT INTO PROFE ( COD_P, NOM_PROF, CODCAT,  SUELDO, cod_facultad) VALUES ('7711', 'Paula Perez', '3',  1400, 'ing');
INSERT INTO PROFE ( COD_P, NOM_PROF, CODCAT,  SUELDO, cod_facultad) VALUES ('7754', 'Esteban Paz', '2',  1000, 'ing');

INSERT INTO PROFE ( COD_P, NOM_PROF, CODCAT,  SUELDO, cod_facultad) VALUES ('77001', 'Carlos Gomez Paz', '2',  1000, 'ing');



DROP TABLE if exists PROGRAMACION;
CREATE TABLE  PROGRAMACION 
(	COD_A VARCHAR(10), 
	COD_P VARCHAR(10), 
	AULA VARCHAR(10), 
	PERIODO VARCHAR (20),
	PRIMARY KEY (COD_A, COD_P, PERIODO),
	FOREIGN KEY (COD_P) REFERENCES PROFE(COD_P),    
    FOREIGN KEY (COD_A) REFERENCES ASIGNATURA(COD_A)
);


---------------------------------------------------------------------------

INSERT INTO PROGRAMACION (COD_A, COD_P, AULA, PERIODO)  values ('750022', '2345','a1', '2013-1' );
INSERT INTO PROGRAMACION (COD_A, COD_P, AULA, PERIODO)  values ('750023', '2367','a2', '2013-1' );
INSERT INTO PROGRAMACION (COD_A, COD_P, AULA, PERIODO)  values ('750022', '2234','a1', '2013-1' );
INSERT INTO PROGRAMACION (COD_A, COD_P, AULA, PERIODO)  values ('750655', '2345','a3', '2013-1' );
INSERT INTO PROGRAMACION (COD_A, COD_P, AULA, PERIODO)  values ('750777', '3456','a1', '2013-1' );

INSERT INTO PROGRAMACION (COD_A, COD_P, AULA, PERIODO)  values ('750025', '2347','a1', '2013-1' );
INSERT INTO PROGRAMACION (COD_A, COD_P, AULA, PERIODO)  values ('750027', '2239','a2', '2013-1' );
INSERT INTO PROGRAMACION (COD_A, COD_P, AULA, PERIODO)  values ('750022', '2321','a1', '2013-1' );
INSERT INTO PROGRAMACION (COD_A, COD_P, AULA, PERIODO)  values ('750675', '3472','a3', '2012-2' );
INSERT INTO PROGRAMACION (COD_A, COD_P, AULA, PERIODO)  values ('750675', '2321','a1', '2012-1' );

INSERT INTO PROGRAMACION (COD_A, COD_P, AULA, PERIODO)  values ('750022', '2345','a11', '2013-2' );
INSERT INTO PROGRAMACION (COD_A, COD_P, AULA, PERIODO)  values ('750022', '2367','a22', '2013-2' );
INSERT INTO PROGRAMACION (COD_A, COD_P, AULA, PERIODO)  values ('750022', '2234','a11', '2013-2' );
INSERT INTO PROGRAMACION (COD_A, COD_P, AULA, PERIODO)  values ('750655', '2345','a31', '2013-2' );
INSERT INTO PROGRAMACION (COD_A, COD_P, AULA, PERIODO)  values ('750655', '3456','a21', '2013-2' );

INSERT INTO PROGRAMACION (COD_A, COD_P, AULA, PERIODO)  values ('750025', '2347','a11', '2013-2' );
INSERT INTO PROGRAMACION (COD_A, COD_P, AULA, PERIODO)  values ('750027', '2239','a23', '2013-2' );
INSERT INTO PROGRAMACION (COD_A, COD_P, AULA, PERIODO)  values ('700734', '2321','a17', '2013-2' );
INSERT INTO PROGRAMACION (COD_A, COD_P, AULA, PERIODO)  values ('750675', '3472','a30', '2013-2' );
INSERT INTO PROGRAMACION (COD_A, COD_P, AULA, PERIODO)  values ('750675', '2321','a14', '2013-2' );


INSERT INTO PROGRAMACION (COD_A, COD_P, AULA, PERIODO)  values ('750025', '2347','a1', '2014-1' );
INSERT INTO PROGRAMACION (COD_A, COD_P, AULA, PERIODO)  values ('750027', '2234','a2', '2014-1' );
INSERT INTO PROGRAMACION (COD_A, COD_P, AULA, PERIODO)  values ('700734', '2345','a1', '2014-1' );
INSERT INTO PROGRAMACION (COD_A, COD_P, AULA, PERIODO)  values ('750675', '3472','a3', '2014-1' );
INSERT INTO PROGRAMACION (COD_A, COD_P, AULA, PERIODO)  values ('750675', '7700','a1', '2014-1' );
----

INSERT INTO PROGRAMACION (COD_A, COD_P, AULA, PERIODO)  values ('120025', '2234','a1', '2014-2' );
INSERT INTO PROGRAMACION (COD_A, COD_P, AULA, PERIODO)  values ('120027', '2239','a2', '2014-2' );
INSERT INTO PROGRAMACION (COD_A, COD_P, AULA, PERIODO)  values ('700734', '2347','a1', '2014-2' );
INSERT INTO PROGRAMACION (COD_A, COD_P, AULA, PERIODO)  values ('700575', '2345','a3', '2014-2' );
INSERT INTO PROGRAMACION (COD_A, COD_P, AULA, PERIODO)  values ('700734', '2347','a1', '2014-1' );

INSERT INTO PROGRAMACION (COD_A, COD_P, AULA, PERIODO)  values ('750675', '7799','a7', '2014-1' );
INSERT INTO PROGRAMACION (COD_A, COD_P, AULA, PERIODO)  values ('750734', '7799','a8', '2014-1' );
INSERT INTO PROGRAMACION (COD_A, COD_P, AULA, PERIODO)  values ('140002', '7754','a9', '2014-1' );
INSERT INTO PROGRAMACION (COD_A, COD_P, AULA, PERIODO)  values ('140003', '7754','a3', '2014-1' );
INSERT INTO PROGRAMACION (COD_A, COD_P, AULA, PERIODO)  values ('140000', '7711','a4', '2014-2' );
INSERT INTO PROGRAMACION (COD_A, COD_P, AULA, PERIODO)  values ('750023', '7754','a7', '2014-1' );
INSERT INTO PROGRAMACION (COD_A, COD_P, AULA, PERIODO)  values ('750734', '7700','a1', '2014-1' );
INSERT INTO PROGRAMACION (COD_A, COD_P, AULA, PERIODO)  values ('7799557', '3456','a1', '2017-1' );
INSERT INTO PROGRAMACION (COD_A, COD_P, AULA, PERIODO)  values ('7799557', '77001','a1', '2017-1' );
INSERT INTO PROGRAMACION (COD_A, COD_P, AULA, PERIODO)  values ('750675', '7799','a7', '2017-1' );







